ISO3,Country,Human Development Groups,UNDP Developing Regions,HDI Rank (2021),Human Development Index (2021),Life Expectancy at Birth (2021),Expected Years of Schooling (2021),Mean Years of Schooling (2021),Gross National Income Per Capita (2021),GDI Group (2021),Gender Development Index (2021),HDI female (2021),"Life Expectancy at Birth, female (2021)","Expected Years of Schooling, female (2021)","Mean Years of Schooling, female (2021)","Gross National Income Per Capita, female (2021)",HDI male (2021),"Life Expectancy at Birth, male (2021)","Expected Years of Schooling, male (2021)","Mean Years of Schooling, male (2021)","Gross National Income Per Capita, male (2021)",Inequality-adjusted Human Development Index (2021),Coefficient of human inequality (2021),Overall loss (%) (2021),Inequality in life expectancy (2021),Inequality in eduation (2021),Inequality in income (2021),GII Rank (2021),Gender Inequality Index (2021),"Maternal Mortality Ratio (deaths per 100,000 live births) (2021)","Adolescent Birth Rate (births per 1,000 women ages 15-19) (2021)","Labour force participation rate, female (% ages 15 and older) (2021)","Labour force participation rate, male (% ages 15 and older) (2021)",Difference from HDI rank (2021),Planetary pressures-adjusted Human Development Index (2021),Difference from HDI value (%) (2021),Carbon dioxide emissions per capita (production) (tonnes) (2021),Material footprint per capita (tonnes) (2021)
AFG,Afghanistan,Low,SA,180,0.478,61.9824,10.26384398,2.98506999,1824.190915,5,0.681,0.36484023,65.2791,7.736391273,2.311079979,532.9553682,0.535610873,58.9147,12.67218933,3.401309967,3089.270418,,,,26.16536713,45.36517,,167,0.678,638,82.565,14.848,66.515,5,0.474,0.836820084,0.312376488,1.38
AGO,Angola,Medium,SSA,148,0.586,61.6434,12.1721,5.417390823,5465.617791,4,0.903,0.556745058,64.3066,11.5409,4.183875561,4751.373256,0.616557703,59.0291,12.9132,6.894268513,6196.650485,0.407,30.41216757,30.54607509,28.1877327,34.17144,28.87733,136,0.537,241,138.402,73.968,79.071,10,0.577,1.535836177,0.675409733,2.18
ALB,Albania,High,ECA,67,0.796,76.4626,14.44799995,11.28645502,14131.11039,1,1.007,0.799221622,79.1726,15.31414032,11.68443326,11637.21567,0.793604613,74.0869,13.65186977,10.92069549,16629.90211,0.71,10.76768488,10.8040201,6.790634632,12.33344,13.17898,39,0.144,15,14.517,50.733,66.154,28,0.739,7.16080402,1.575753953,12.96
AND,Andorra,Very High,,40,0.858,80.3684,13.30023874,10.55511952,51166.62661,,,,84.3238,,10.48113913,,,77.1723,,10.62797735,,,,,5.297909737,10.00815435,,,,,5.887,,,,,,6.034944671,
ARE,United Arab Emirates,Very High,AS,26,0.911,78.7104,15.71769047,12.69402981,62573.59181,2,0.953,0.87713227,80.9371,16.53561974,12.52534008,28921.14482,0.920631429,77.2164,15.20983028,12.80508041,77317.68017,,,,4.524926186,12.63435527,,11,0.049,3,3.085,46.542,88.003,-105,0.518,43.13940724,15.19333592,68.95
ARG,Argentina,Very High,LAC,47,0.842,75.3899,17.8748703,11.14726927,20925.26814,1,0.997,0.833324995,78.6471,19.23380089,11.35364528,15580.71571,0.835521148,72.1818,16.55146027,10.90602315,26376.42505,0.72,13.83730084,14.48931116,7.624845505,5.78729,28.099767,69,0.287,39,39.065,50.01,71.603,26,0.759,9.857482185,3.473291552,15.81
ARM,Armenia,High,ECA,85,0.759,72.0431,13.11676025,11.33030033,13157.9939,1,1.001,0.756949514,77.35,13.81657982,11.32151985,8736.263849,0.756110563,66.5544,12.52400017,11.34119034,18557.94799,0.688,9.136398122,9.354413702,7.035874367,2.93495,17.43837,53,0.216,26,18.511,42.663,63.004,33,0.727,4.216073781,1.987788379,5.95
ATG,Antigua and Barbuda,High,LAC,71,0.788,78.4968,14.18462641,9.293740746,16792.36595,,,,80.9411,15.20951739,,,,75.7753,13.19281252,,,,,,4.746305943,,,,,42,33.11,,,,,,4.395122997,
AUS,Australia,Very High,,5,0.951,84.5265,21.05459023,12.72681999,49238.43335,2,0.968,0.93167223,85.8396,21.81757927,12.81058979,37485.5883,0.962956483,83.1718,20.30187988,12.63971043,61160.79011,0.876,7.640183183,7.886435331,2.73797965,3.056569899,17.126,19,0.073,6,8.096,61.057,70.547,-87,0.637,33.01787592,15.36837971,46.82
AUT,Austria,Very High,,25,0.916,81.5797,16.00795937,12.25669003,53618.67138,1,0.98,0.905682295,84.084,16.39508057,11.97801018,43413.88736,0.923877356,79.0433,15.64367962,12.55373955,64148.48737,0.851,6.904079795,7.096069869,3.256919384,2.52241,14.93291,12,0.053,5,5.521,55.514,66.283,9,0.766,16.37554585,6.732425105,24.62
AZE,Azerbaijan,High,ECA,91,0.745,69.3658,13.49689007,10.5429697,14256.74456,2,0.974,0.733874991,73.2871,13.63412952,10.2091198,10536.01593,0.753249711,65.6458,13.37728024,10.90130997,18075.8323,0.685,7.915732963,8.053691275,11.32313728,3.56506161,8.859,70,0.294,26,40.079,60.366,67.342,18,0.688,7.651006711,3.720272365,10.56
BDI,Burundi,Low,SSA,187,0.426,61.6627,10.72272189,3.129266883,731.7867086,3,0.935,0.412236237,63.6092,10.91547198,2.491789031,667.5207678,0.440934982,59.7112,10.53523917,3.851800592,796.9564563,0.302,28.67465287,29.10798122,25.60641861,39.48821,20.92933,127,0.505,548,53.621,78.991,77.379,2,0.422,0.938967136,0.050642582,1.71
BEL,Belgium,Very High,,13,0.937,81.8787,19.60421944,12.37567997,52293.39977,1,0.978,0.925048073,84.2957,20.70512962,12.31939983,42532.93431,0.946127575,79.4344,18.53882027,12.43480968,62295.08289,0.874,6.587387026,6.723585912,3.582081079,5.87561,10.30447,10,0.048,5,5.33,49.842,58.812,-17,0.742,20.81109925,7.226205719,33.45
BEN,Benin,Low,SSA,166,0.525,59.821,10.76667976,4.304786445,3408.965923,5,0.88,0.491304048,61.4449,9.893950462,3.315197468,2997.705686,0.558101711,58.2208,11.62110043,5.44505428,3818.802984,0.334,36.1098793,36.38095238,32.66172791,43.69355,31.97436,152,0.602,397,92.259,69.334,72.599,2,0.515,1.904761905,0.552890326,3.4
BFA,Burkina Faso,Low,SSA,184,0.449,59.2696,9.142100334,2.114962259,2117.915916,4,0.903,0.425128833,60.9896,9.109199524,1.583301027,1659.234852,0.470559026,57.4745,9.17743969,2.704233799,2579.899962,0.315,29.27530611,29.844098,31.36138916,39.15279412,17.31173505,157,0.621,320,110.509,57.237,72.725,1,0.442,1.559020045,0.189903275,2.96
BGD,Bangladesh,Medium,SA,129,0.661,72.3811,12.44198036,7.379059792,5472.104781,5,0.898,0.61737477,74.2672,13.00008011,6.755380154,2811.243422,0.687568946,70.5989,11.90853977,8.020810127,8176.050077,0.503,23.13718939,23.903177,15.54324818,37.31177,16.55655,131,0.53,173,75.496,34.869,78.782,25,0.649,1.815431165,0.563737615,2.88
BGR,Bulgaria,High,,68,0.795,71.798,13.89729023,11.41318035,23078.95595,1,0.995,0.792403351,75.4824,14.17173004,11.50780964,18109.38936,0.796486006,68.435,13.64058971,11.30865955,28356.81512,0.701,11.37176091,11.82389937,5.180382729,5.93179,23.00311,52,0.21,10,38.605,49.143,62.636,12,0.708,10.94339623,5.388845994,15.02
BHR,Bahrain,Very High,AS,35,0.875,78.7605,16.29755974,11.04658985,39497.24788,3,0.927,0.828959683,80.0178,17.00485992,10.78437042,16786.17306,0.89407466,77.7566,15.85118008,11.17325974,53359.49671,,,,4.50674057,12.56789221,,46,0.181,14,8.676,42.361,83.531,-51,0.647,26.05714286,20.54572969,23.83
BHS,Bahamas,Very High,LAC,55,0.812,71.5983,12.89945,12.64192386,30486.18429,,,,75.0957,,12.7414244,25896.98418,,68.1206,,12.55653686,35495.42524,,,,8.739097595,6.917101819,,78,0.329,70,25.686,65.627,71.486,-43,0.634,21.92118227,5.944655227,37.8
BIH,Bosnia and Herzegovina,High,ECA,74,0.78,75.3003,13.8,10.53631973,15241.91465,3,0.94,0.753943386,77.5302,14.07886364,9.778189659,10709.28492,0.802005824,73.1078,13.52113636,11.35262966,19917.00615,0.677,12.97720744,13.20512821,3.98234725,14.78890508,20.16037,38,0.136,10,9.86,32.257,52.351,6,0.691,11.41025641,6.528247977,14.44
BLR,Belarus,Very High,ECA,60,0.808,72.438,15.16996956,12.14358044,18848.96704,1,1.011,0.812031188,77.6972,15.3424902,12.15460014,15158.32303,0.802832,67.2978,15.00576019,12.12977982,23165.02077,0.765,5.255721395,5.321782178,3.349644184,2.77203,9.64549,29,0.104,2,11.85,57.311,71.387,32,0.751,7.054455446,6.07931383,5.59
BLZ,Belize,Medium,LAC,123,0.683,70.4697,12.99168968,8.847599983,6309.099778,1,0.975,0.671552426,74.3322,13.29214954,9.042070389,4248.54338,0.688837987,67.1187,12.68122959,8.652890205,8344.773506,0.535,20.6622413,21.66910688,9.247613907,14.81278,37.92633,86,0.364,36,57.127,46.897,76.752,9,0.637,6.734992679,1.465666402,12.21
BOL,Bolivia,Medium,LAC,118,0.692,63.6304,14.94697094,9.827750206,8111.190194,2,0.964,0.679814318,66.7999,14.92614555,9.216730118,6855.904661,0.704911026,60.879,14.96779156,10.49209023,9358.680731,0.549,20.47608422,20.66473988,18.02205467,16.54294,26.863258,99,0.418,155,63.792,68.283,83.765,11,0.647,6.502890173,1.773319863,11.32
BRA,Brazil,High,LAC,87,0.754,72.7504,15.59906006,8.128813955,14369.88848,1,0.994,0.750013092,76.0086,16.03347969,8.333614199,10903.075,0.754680006,69.5597,15.16670036,7.89424439,17959.96471,0.576,22.31580091,23.60742706,9.988456726,15.65257,41.306376,94,0.39,60,45.2,49.11,68.24,5,0.676,10.34482759,2.198836949,18.87
BRB,Barbados,High,LAC,70,0.79,77.5714,15.71338458,9.852700596,12306.341,2,1.034,0.799110548,79.3594,17.69855459,10.28248279,10235.21434,0.772530747,75.6292,13.76279051,9.088873873,14554.61405,0.657,15.71572331,16.83544304,8.014942169,5.54685,33.58537775,64,0.268,27,42.297,56.055,63.727,,,,3.781470204,
BRN,Brunei,Very High,EAP,51,0.829,74.6424,13.95178032,9.18,64489.53954,1,0.984,0.819470894,76.8812,14.43284988,9.162,47578.75676,0.833025563,72.6017,13.51095009,9.198,80260.78486,,,,7.503439903,,,61,0.259,31,9.978,54.069,72.339,-109,0.358,56.81544029,23.22054316,85.7
BTN,Bhutan,Medium,SA,127,0.666,71.815,13.22500478,5.170262283,9437.541512,3,0.937,0.641322529,73.7734,13.63224386,4.450652072,6670.576078,0.684476486,70.1411,12.83391543,5.761204893,11896.32998,0.471,27.70138498,29.27927928,14.92243862,48.22657529,19.95514103,98,0.415,183,18.977,51.625,67.397,-13,0.553,16.96696697,2.495308499,32.43
BWA,Botswana,Medium,SSA,117,0.693,61.1409,12.26513765,10.34,16198.31841,1,0.981,0.686186101,63.5942,12.37531361,10.274,13839.15683,0.699553277,58.6909,12.15496169,10.398,18618.32316,,,,21.56492996,23.27683,,117,0.468,144,49.324,56.282,65.148,0,0.633,8.658008658,2.772080776,14.19
CAF,Central African Republic,Low,SSA,188,0.404,53.8947,8.040171714,4.334,966.0586107,5,0.81,0.359110957,56.3035,6.66856003,3.108,769.842841,0.443253806,51.6455,9.393838816,5.594,1162.317208,0.24,40.13981348,40.59405941,36.02700043,35.19785,49.19459,166,0.672,829,160.507,63.312,79.486,1,0.401,0.742574257,0.038906639,1.57
CAN,Canada,Very High,,15,0.936,82.6565,16.39625931,13.83442722,46807.98619,1,0.988,0.929499536,84.6711,16.89101982,13.91497893,38651.80939,0.941126183,80.621,15.91734982,13.74785411,55065.25481,0.86,7.901529772,8.11965812,4.106589317,2.521,17.077,17,0.069,10,6.978,60.801,69.741,-46,0.687,26.6025641,14.19693746,35.05
CHE,Switzerland,Very High,,1,0.962,83.9872,16.50029945,13.85966015,66933.00454,2,0.967,0.943709307,85.8959,16.40518951,13.48301029,54596.87394,0.975611273,81.9952,16.5934391,14.24829006,79450.51016,0.894,6.89990636,7.068607069,3.103429079,2.01457,15.58172,3,0.018,5,2.212,61.728,72.705,-7,0.796,17.25571726,3.731913422,31.14
CHL,Chile,Very High,LAC,42,0.855,78.9435,16.73130035,10.9349663,24563.24486,2,0.967,0.838413012,81.4368,16.96546936,10.84131778,17552.92999,0.867267868,76.4722,16.50263023,11.04624186,31677.27702,0.722,14.97303049,15.55555556,4.907827854,11.73821662,28.273047,47,0.187,13,24.082,44.172,65.547,27,0.775,9.356725146,4.24621503,13.5
CHN,China,High,EAP,79,0.768,78.2107,14.2361149,7.600118446,17504.39969,1,0.984,0.761168006,81.1546,14.77470471,7.33460805,13979.68971,0.773243024,75.4634,13.69752509,7.861852212,20882.86637,0.651,14.77805961,15.234375,5.263178825,11.68,27.391,48,0.192,29,11.048,61.612,74.29,-14,0.648,15.625,7.411735759,21.96
CIV,Ivory Coast,Medium,SSA,159,0.55,58.5983,10.67558002,5.199138977,5217.448516,5,0.887,0.515563727,59.9409,10.01710033,4.6767215,3763.003044,0.581439618,57.4001,11.33197021,5.712839185,6642.844409,0.358,34.3359808,34.90909091,30.35745239,45.60904,27.04145,155,0.613,617,104.968,45.92,64.893,5,0.54,1.818181818,0.381780097,3.26
CMR,Cameroon,Medium,SSA,151,0.576,60.3334,13.10859922,6.15131,3620.932408,5,0.885,0.540217006,62.0182,12.42278161,4.81709,2981.385929,0.610395901,58.6899,13.79085757,7.50058,4263.787131,0.393,31.72993835,31.77083333,28.48371506,31.71699,34.98911,148,0.565,529,110.378,70.154,80.747,9,0.569,1.215277778,0.259524431,2.13
COD,The Democratic Republic of the Congo,Low,SSA,179,0.479,59.193,9.817864451,7.018696516,1076.098781,5,0.885,0.448765594,61.5207,9.644028442,5.596261446,896.3528837,0.507288188,56.9531,10.09291419,8.455105537,1258.657211,0.341,28.68733521,28.81002088,31.66004562,26.76947,27.63249,151,0.601,473,108.962,61.209,69.065,2,0.473,1.252609603,0.027660353,2.75
COG,Congo,Medium,SSA,153,0.571,63.5187,12.33081527,6.166,2889.283521,3,0.934,0.551580285,64.9346,12.2485696,5.59,2532.152974,0.590449068,62.1236,12.41765711,6.762,3247.26424,0.432,24.30610437,24.34325744,20.98684311,20.93222,30.99925,147,0.564,378,103.633,65.062,67.605,9,0.564,1.22591944,0.564833429,1.88
COL,Colombia,High,LAC,88,0.752,72.8296,14.44274998,8.862859726,14384.35666,1,0.984,0.743729498,76.4421,14.68078995,9.016329765,10280.75598,0.755726924,69.4041,14.21420002,8.697070122,18598.73316,0.589,20.57743344,21.67553191,9.370814323,14.64929,37.712196,102,0.424,83,59.034,52.182,77.998,28,0.711,5.45212766,1.751176049,9.09
COM,Comoros,Medium,SSA,156,0.558,63.4174,11.92432393,5.078649,3142.064119,5,0.891,0.521857496,65.8272,12.1795523,3.953311349,2013.580489,0.585432331,61.2453,11.70042118,6.031009312,4260.210455,0.31,43.06900853,44.44444444,25.57926559,47.61438,56.01338,,,273,58.173,32.119,54.534,,,,0.29721677,
CPV,Cabo Verde,Medium,SSA,128,0.662,74.0518,12.55461444,6.287719287,6230.200199,1,0.981,0.653226941,78.4572,12.83086562,6.025999125,4681.791749,0.666122007,69.5891,12.28982854,6.573896076,7795.748187,,,,8.794361115,27.38759118,,84,0.349,58,55.228,46.91,61.705,,,,0.98910586,
CRI,Costa Rica,Very High,LAC,58,0.809,77.0232,16.54577065,8.804059982,19974.27358,1,0.996,0.806325603,79.8106,17.05911064,8.892390251,16567.93315,0.809722197,74.4177,16.04846001,8.702249527,23375.95773,0.664,16.96065133,17.92336218,5.891644001,11.57677,33.41354,60,0.256,27,37.148,47.527,71.142,26,0.746,7.787391842,1.552260862,14.43
CUB,Cuba,High,LAC,83,0.764,73.6829,14.44305992,12.49773438,7878.847482,2,0.961,0.744772411,76.3585,15.10297966,12.59368627,5103.348554,0.774843635,71.2446,13.81696987,12.40169983,10693.00768,,,,4.628062248,9.09712,,73,0.303,36,48.82,40.285,68.454,30,0.721,5.628272251,1.779198659,9.19
CYP,Cyprus,Very High,,29,0.896,81.2033,15.64826965,12.44017029,38188.42152,2,0.972,0.881957454,83.2037,15.69172001,12.41040993,30616.52084,0.907058666,79.2092,15.61785984,12.47198009,45734.5501,0.819,8.399155342,8.59375,2.644016027,9.5209,13.03255,35,0.123,6,6.827,56.648,68.766,-22,0.708,20.98214286,5.380504059,36.58
CZE,Czechia,Very High,,32,0.889,77.7283,16.21968079,12.86931038,38745.21386,1,0.989,0.883640143,80.8885,16.7543602,12.71214962,30454.50542,0.893197721,74.6662,15.71041012,13.03565979,47288.80881,0.85,4.378451583,4.386951631,3.112524748,1.25563,8.7672,34,0.12,3,9.709,51.668,68.064,6,0.748,15.86051744,8.215039321,21.3
DEU,Germany,Very High,,9,0.942,80.6301,17.01013947,14.09096691,54534.21682,1,0.978,0.931498431,83.2215,17.00415993,13.84053479,46149.9525,0.952180253,78.0809,17.0161705,14.3494364,63142.69975,0.883,6.177129593,6.263269639,3.408158779,2.6632,12.46003,19,0.073,7,7.465,56.843,66.041,4,0.804,14.64968153,7.690141865,19.4
DJI,Djibouti,Low,AS,171,0.509,62.3049,7.43298,4.1,5024.993944,,,,65.0189,7.50865,,2178.95886,,59.7276,7.43298,,7911.350717,,,,25.70430756,,27.74495175,,,248,22.722,17.218,44.147,-7,0.47,7.662082515,0.355728745,15.86
DMA,Dominica,High,LAC,102,0.72,72.814,13.3191862,8.142186,11487.62422,,,,76.3013,14.61002724,,,,69.7249,12.156349,,,,,,8.952466011,,,,,,38.49,,,,,,1.934403912,
DNK,Denmark,Very High,,6,0.948,81.3753,18.71479988,12.96049023,60364.78595,1,0.98,0.937319033,83.2762,19.34136963,13.15695,49876.26463,0.956524411,79.4848,18.10860062,12.76414967,70961.09155,0.898,5.186913722,5.274261603,3.006301165,2.50376,10.05068,1,0.013,4,1.908,57.721,66.653,0,0.803,15.29535865,4.522442415,25.86
DOM,Dominican Republic,High,LAC,80,0.767,72.6146,14.46655802,9.306864107,17989.60037,1,1.014,0.771504074,76.2914,15.35246548,9.607207455,13695.31146,0.760780375,69.2978,13.57888472,8.988241636,22248.06125,0.618,19.4119047,19.42633638,17.5623951,15.04513,25.628189,106,0.429,95,65.629,49.577,75.162,24,0.719,6.258148631,2.559875589,9.54
DZA,Algeria,High,AS,91,0.745,76.3767,14.62689602,8.069284397,10800.22546,5,0.88,0.680221302,77.9588,15.34625536,7.735659996,3549.996745,0.773257248,74.8787,13.96632659,8.438411764,17787.31291,0.598,19.07287475,19.73154362,12.43080425,33.28262,11.5052,126,0.499,112,11.714,15.684,64.48,16,0.687,7.785234899,3.534590875,11.21
ECU,Ecuador,High,LAC,95,0.74,73.67,14.62423038,8.817119598,10311.63273,1,0.98,0.730715581,77.4619,14.94892979,8.800060272,7450.795667,0.745435732,70.2604,14.31173992,8.836270332,13180.21773,0.604,17.76487784,18.37837838,8.870192528,13.3739,31.050541,85,0.362,59,63.163,53.344,76.519,27,0.704,4.864864865,1.753199871,7.74
EGY,Egypt,High,AS,97,0.731,70.2207,13.78649972,9.573026174,11731.69056,5,0.882,0.665947414,72.6077,13.84451035,9.802207806,3536.065178,0.75526319,67.9353,13.73198027,9.420359504,19740.68394,0.519,28.03942983,29.00136799,10.67237949,36.94291,36.503,109,0.443,37,44.767,15.385,67.088,25,0.692,5.335157319,2.085874268,8.22
ERI,Eritrea,Low,SSA,176,0.492,66.5358,8.064524628,4.8872352,1728.742667,,,,68.6547,7.49902872,,1387.317602,,64.3495,8.612197875,,2079.46542,,,,20.2650795,,,,,480,64.356,70.183,83.622,4,0.483,1.829268293,0.203678582,3.47
ESP,Spain,Very High,,27,0.905,83.01,17.91690063,10.60540009,38353.60164,1,0.986,0.895714434,85.7735,18.43042946,10.52787018,31212.63763,0.908603781,80.2091,17.4191494,10.68844986,45784.07701,0.788,12.64302265,12.9281768,2.883327961,15.73379,19.31195,14,0.057,4,6.281,52.654,62.412,24,0.819,9.502762431,4.468313378,13.48
EST,Estonia,Very High,,31,0.89,77.1436,15.92895985,13.54843044,38048.26372,1,1.021,0.898020476,81.2311,16.76152992,13.78102016,30995.40471,0.879365759,72.8152,15.14676952,13.2729702,45866.20685,0.829,6.647519602,6.853932584,2.925558805,2.02737,14.98963,28,0.1,9,8.764,57.453,70.169,-34,0.684,23.14606742,7.879475476,37.53
ETH,Ethiopia,Low,SSA,175,0.498,64.9748,9.651071421,3.201520681,2361.069604,4,0.921,0.477551765,68.2852,9.824613044,2.161845446,1943.575583,0.518618804,61.91,9.556187685,4.23844862,2774.393182,0.363,25.99192684,27.10843373,23.12960052,42.77036,12.07582,129,0.52,401,69.221,72.335,84.683,6,0.496,0.401606426,0.127560389,0.47
FIN,Finland,Very High,,11,0.94,82.0381,19.05192947,12.87362003,49452.16672,1,0.989,0.934283259,84.7177,19.85631943,13.04683971,41697.50156,0.944567946,79.3458,18.28832054,12.69112968,57393.79553,0.89,5.224387065,5.319148936,2.774231195,2.41555,10.48338,6,0.033,3,4.159,56.46,64.029,-28,0.731,22.23404255,7.090703013,36.73
FJI,Fiji,High,EAP,99,0.73,67.114,14.73679,10.92154799,9980.110866,3,0.931,0.698350818,68.8768,14.97936708,11.00194066,5664.186832,0.75013651,65.4261,14.49421292,10.84056513,14270.36834,,,,15.23796844,2.636659279,,77,0.318,34,26.843,37.701,75.257,,,,1.554361952,
FRA,France,Very High,,28,0.903,82.4988,15.81206989,11.61005974,45937.05273,1,0.99,0.897519009,85.485,16.15681076,11.43721962,38403.4713,0.906690802,79.425,15.47455025,11.80276966,53987.67697,0.825,8.485328055,8.637873754,3.816274166,7.72173,13.91798,22,0.083,8,9.529,51.897,59.675,21,0.803,11.07419712,4.23807293,17.1
FSM,Micronesia,Medium,EAP,134,0.628,70.71,11.54947988,7.804956,3696.173945,,,,74.608,,,,,67.1203,,,,,,,13.9006424,,26.38098943,,,88,35.835,,,,,,1.282352225,
GAB,Gabon,High,SSA,112,0.706,65.821,12.97731,9.436,13366.93455,4,0.908,0.66695499,68.4944,12.59342306,7.843676749,9375.895993,0.734791954,63.4876,13.36119694,10.49761667,17211.89528,0.554,21.46330738,21.52974504,19.69610405,23.47992,21.2138981,140,0.541,252,91.176,39.117,57.012,18,0.666,5.66572238,1.931138222,9.15
GBR,United Kingdom,Very High,,18,0.929,80.7422,17.30971909,13.4061203,45224.76564,1,0.987,0.921594468,82.7722,17.82233047,13.44999981,37374.45051,0.93393288,78.7168,16.80278015,13.36056995,53264.9393,0.85,8.243507931,8.503767492,3.913083792,2.84785,17.96959,27,0.098,7,10.541,58.044,67.091,15,0.819,11.84068891,4.854886819,17.85
GEO,Georgia,Very High,ECA,63,0.802,71.694,15.56851959,12.82221985,14664.16825,1,1.007,0.803449379,76.6807,15.93873978,12.86532021,11284.6655,0.797741455,66.8028,15.2400198,12.77040005,18472.48261,0.706,11.41161372,11.97007481,6.600036144,2.784805013,24.85,66,0.28,25,31.654,50.995,68.03,34,0.749,6.608478803,2.498792354,10.35
GHA,Ghana,Medium,SSA,133,0.632,63.7954,12.04778004,8.329886695,5744.504017,3,0.946,0.614164008,66.0136,12.05702972,7.779994279,4723.288546,0.649352665,61.6304,12.03862,8.969073236,6770.830667,0.458,27.33194806,27.53164557,22.75168419,35.10167,24.14249,130,0.529,308,64.176,64.527,72.234,8,0.618,2.215189873,0.514959318,3.92
GIN,Guinea,Low,SSA,182,0.465,58.8922,9.805297465,2.202125952,2480.887182,5,0.85,0.426440797,60.0985,8.610094032,1.292843507,2320.381485,0.501452822,57.595,10.97551015,3.248563693,2645.236455,0.299,34.33844766,35.69892473,35.05346298,50.12411,17.83777,157,0.621,576,114.829,62.061,62.188,2,0.454,2.365591398,0.258436989,4.77
GMB,Gambia,Low,SSA,174,0.5,62.083,9.418626299,4.637487411,2172.207664,4,0.924,0.480518411,63.5287,10.33742212,3.84120965,1648.847008,0.51992186,60.6559,8.542828054,5.635258198,2701.019665,0.348,29.27151682,30.4,23.34724045,47.00005,17.46726,153,0.611,597,63.188,48.917,66.259,3,0.49,2,0.206859196,3.77
GNB,Guinea-Bissau,Low,SSA,177,0.483,59.6523,10.61306278,3.583719,1908.24159,5,0.867,0.447933316,61.7958,9.999406158,2.410659,1561.423784,0.516530263,57.3925,11.2267194,4.939155,2264.022579,0.306,36.50182103,36.64596273,29.51842308,42.08704,37.9,159,0.627,667,87.537,63.868,78.373,,,,0.145716389,
GNQ,Equatorial Guinea,Medium,SSA,145,0.596,60.5943,9.73494,5.910863,12073.95993,,,,62.7256,,4.194548476,8351.083447,,58.7813,,7.627197168,15398.90528,,,,30.0848732,,,,,301,139.706,49.926,58.483,-14,0.52,12.75167785,7.316756772,15.89
GRC,Greece,Very High,,33,0.887,80.1106,20.02878952,11.40853024,29002.48545,2,0.969,0.871930104,82.8521,20.05644035,11.09685993,22889.79217,0.900182194,77.4923,20.00617981,11.74693966,35367.94782,0.791,10.66271436,10.82299887,3.612533092,11.73784,16.63777,32,0.119,3,8.479,43.297,58.108,22,0.792,10.7102593,5.01149663,15.17
GRD,Grenada,High,LAC,68,0.795,74.9362,18.66202035,9.032104,13483.5774,,,,77.8979,19.26614739,,,,72.2123,18.07579333,,,,,,9.633924484,,,,,25,32.72,,,,,,2.620175431,
GTM,Guatemala,Medium,LAC,135,0.627,69.2368,10.56245041,5.681300163,8723.285317,4,0.917,0.595718044,72.6514,10.48863029,5.235280037,4909.099431,0.649879506,66.0046,10.63549042,6.237989902,12613.84423,0.46,26.12651356,26.63476874,13.86461067,34.95493,29.56,121,0.481,95,64.054,37.363,80.268,7,0.601,4.146730463,1.05706389,7.24
GUY,Guyana,High,LAC,108,0.714,65.6734,12.50272216,8.617477,22464.65734,1,0.978,0.704002156,69.1042,12.76161284,8.72292,14734.62056,0.719594973,62.4812,12.24144493,8.489497,30534.34518,0.591,17.094939,17.22689076,15.75936699,10.42545,25.1,114,0.454,169,66.556,40.304,64.097,,,,2.813164292,
HKG,Hong Kong,Very High,,4,0.952,85.4734,17.27816963,12.22620964,62606.8454,1,0.976,0.941077517,88.3257,17.57220078,11.84570026,51735.25652,0.964310833,82.6613,17.03323936,12.70687962,75306.95731,0.828,12.42997802,13.02521008,2.05559516,9.671619265,25.56271964,,,,1.584,53.524,65.771,,,,4.16685063,
HND,Honduras,Medium,LAC,137,0.621,70.1229,10.13281417,7.088479996,5297.955301,2,0.96,0.607425221,72.5341,10.37340486,6.756909847,4271.177648,0.633043539,67.8945,9.901273236,7.431379795,6304.346659,0.479,22.2190672,22.86634461,10.1333456,21.61233,34.911526,107,0.431,65,71.972,42.33,78.94,7,0.599,3.542673108,0.975263329,6.06
HRV,Croatia,Very High,,40,0.858,77.5804,15.11209965,12.19108434,30132.28814,1,0.995,0.855338778,81.0549,15.90723991,11.93745426,23887.99467,0.859239831,74.233,14.35393047,12.48016495,36712.79009,0.797,6.984191534,7.10955711,3.756904602,4.24197,12.9537,26,0.093,8,8.637,45.925,58.751,23,0.764,10.95571096,4.136637154,17.06
HTI,Haiti,Low,LAC,163,0.535,63.1924,9.7,5.554,2847.500746,5,0.898,0.506097786,66.1191,9.00792,4.552,2408.200342,0.563765577,60.399,10.39208,6.768,3294.689716,0.327,38.1192817,38.87850467,26.58240509,37.33677,50.43867,163,0.635,480,52.545,60.686,68.93,5,0.528,1.308411215,0.256039713,2.4
HUN,Hungary,Very High,,46,0.846,74.5301,15.0336281,12.24958992,32789.01063,1,0.987,0.840092841,77.9211,15.30526079,12.09698963,25908.86843,0.850884145,71.1047,14.77280122,12.42362022,40262.24876,0.792,6.37034972,6.382978723,3.953909159,2.86309,12.29405,55,0.221,12,22.148,52.064,67.21,23,0.755,10.75650118,4.99728219,15.27
IDN,Indonesia,High,EAP,114,0.705,67.5703,13.74889386,8.556509972,11466.06836,3,0.941,0.680843112,69.7437,13.83131392,8.206930161,7905.917421,0.723345599,65.5327,13.67382635,8.912110329,14975.81343,0.585,16.86744309,17.0212766,13.23504257,17.25001669,20.11727,110,0.444,177,33.929,53.704,81.668,21,0.672,4.680851064,2.155208427,6.77
IND,India,Medium,SA,132,0.633,67.2398,11.87462044,6.655109195,6589.980037,5,0.849,0.566684748,68.8864,11.94211006,6.251538841,2277.265524,0.667813533,65.7563,11.81324005,7.228794054,10632.93291,0.475,24.39381027,24.96050553,16.93670082,36.87573,19.369,122,0.49,133,17.234,19.233,70.092,6,0.609,3.791469194,1.769409088,5.23
IRL,Ireland,Very High,,8,0.945,81.9976,18.94522095,11.58222303,76168.98443,1,0.987,0.934275848,83.7675,19.23660088,11.78455323,61104.49396,0.946695538,80.2476,18.64551926,11.36747134,91505.92493,0.886,6.161783203,6.243386243,2.825729609,3.39666,12.26296,21,0.074,5,5.941,56.526,68.573,-58,0.682,27.83068783,6.753775883,49.25
IRN,Iran,High,SA,76,0.774,73.8749,14.61524963,10.63645314,13000.7117,5,0.88,0.704065865,76.8085,14.69062996,10.61832691,3767.39946,0.79971899,71.2463,14.53594971,10.65504347,22040.70965,0.686,11.07722438,11.36950904,8.532962799,4.984428444,19.71428189,115,0.459,16,30.155,14.354,68.086,-4,0.677,12.53229974,8.870210046,13.16
IRQ,Iraq,Medium,AS,121,0.686,70.3779,12.08747317,7.905593489,9977.249073,5,0.803,0.585138844,72.4219,11.4617644,7.248047674,2184.125075,0.728293315,68.2004,12.67899669,8.426082131,17748.48377,0.554,18.80229155,19.24198251,13.98201466,29.74591,12.67895,145,0.558,79,62.192,11.078,71.763,0,0.622,9.329446064,5.241572172,11.87
ISL,Iceland,Very High,,3,0.959,82.6782,19.16305923,13.76716995,55782.04981,1,0.976,0.946935585,84.1804,20.27153015,13.86952972,47135.91424,0.970604052,81.2138,18.09046936,13.67177963,64004.12858,0.915,4.556437474,4.588112617,1.954472423,2.20077,9.51407,8,0.043,4,5.395,61.671,70.463,-91,0.633,33.99374348,8.603839493,59.61
ISR,Israel,Very High,,22,0.919,82.255,16.05088997,13.3448664,41523.74319,1,0.992,0.914945896,84.2953,16.72323036,13.38325237,34959.69865,0.921975238,80.1535,15.40869045,13.30354585,48125.88807,0.815,10.86813024,11.31664853,3.198390722,6.272,23.134,22,0.083,3,7.614,58.518,66.075,-8,0.744,19.04243743,6.510389017,30.76
ITA,Italy,Very High,,30,0.895,82.8502,16.22678947,10.7401104,42839.51441,2,0.97,0.879184172,85.0955,16.5740509,10.60560989,31099.86552,0.906110064,80.5189,15.90188026,10.8870697,55186.53743,0.791,11.22130912,11.62011173,2.737157345,10.05442,20.87235,13,0.056,2,3.993,39.89,57.592,25,0.813,9.162011173,5.02491109,11.85
JAM,Jamaica,High,LAC,110,0.709,70.5003,13.40492042,9.154628661,8834.47567,1,0.99,0.703788217,72.543,13.72101442,9.744774949,6982.251341,0.710547842,68.469,13.08882643,8.530893495,10715.46988,0.591,15.73566602,16.64315938,8.725048065,6.51579,31.96616,80,0.335,80,32.764,56.095,70.003,14,0.663,6.488011283,2.508977035,9.95
JOR,Jordan,High,AS,102,0.72,74.2563,10.64655972,10.44668007,9923.714974,5,0.887,0.663218429,76.7726,10.84105015,10.07157993,3778.064874,0.747658804,72.1277,10.45506954,10.8373003,15631.27965,0.617,14.20510318,14.30555556,9.261599541,15.44186,17.91185,118,0.471,46,25.369,13.469,62.322,20,0.683,5.138888889,2.497997184,7.03
JPN,Japan,Very High,,19,0.925,84.7839,15.22162588,13.36610034,42274.29134,2,0.97,0.907973256,87.7313,15.19815139,13.30556444,30620.80675,0.936097221,81.8018,15.2438166,13.42565598,54596.84435,0.85,7.894689109,8.108108108,2.510178328,4.511,16.662889,22,0.083,5,2.903,53.3,71.031,8,0.792,14.37837838,8.149938667,18.18
KAZ,Kazakhstan,Very High,ECA,56,0.811,69.3622,15.76500034,12.34756189,23942.81837,1,0.998,0.808860452,73.0814,16.04249954,12.37770421,18976.34734,0.810586606,65.4761,15.49851036,12.31332986,29305.12694,0.755,6.925083065,6.905055487,7.268719196,3.16666,10.33987,41,0.161,10,21.877,63.27,75.518,-52,0.59,27.25030826,15.51581435,34.41
KEN,Kenya,Medium,SSA,152,0.575,61.427,10.69855835,6.652,4473.570344,3,0.941,0.557213852,64.0899,10.34585953,6.064,3873.191056,0.592213974,58.9354,11.05279836,7.26,5084.167477,0.426,25.6850841,25.91304348,21.01152229,22.89552,33.14821,128,0.506,342,64.185,70.984,75.564,7,0.561,2.434782609,0.300273588,4.62
KGZ,Kyrgyzstan,Medium,ECA,118,0.692,69.9774,13.1953001,11.37410556,4566.303831,2,0.966,0.674734308,74.3515,13.43486977,11.6026467,2863.191224,0.698277778,65.8,12.96424961,11.13378012,6331.487189,0.627,9.226713037,9.393063584,10.48529911,3.36425,13.83059,87,0.37,60,34.697,42.141,71.67,18,0.658,4.913294798,1.763865121,7.82
KHM,Cambodia,Medium,EAP,146,0.593,69.5835,11.46772,5.088,4078.697154,3,0.926,0.569886597,72.2907,11.00490454,4.366,3463.508562,0.615205049,66.8186,11.93053546,5.882,4706.237922,0.479,19.00450602,19.22428331,15.36655807,27.30485,14.34211,116,0.461,160,45.453,73.96,85.918,5,0.573,3.372681282,0.916659614,5.7
KIR,Kiribati,Medium,EAP,136,0.624,67.4172,11.801993,7.984461822,4062.586034,,,,69.0959,12.426346,,,,65.504,11.252668,,,0.516,17.15409705,17.30769231,22.46889114,9.63653,19.35687,,,92,40.477,,,,,,0.56992524,
KNA,Saint Kitts and Nevis,High,LAC,75,0.777,71.6822,15.42769157,8.662745,23358.33212,,,,75.3413,15.99400249,,,,68.3456,14.9184988,,,,,,7.958518505,,,,,,38.154,,,,,,3.985789207,
KOR,South Korea,Very High,,19,0.925,83.6978,16.52173996,12.51293027,44500.93187,3,0.944,0.893687774,86.7603,16.06004906,11.86020016,29299.89347,0.9471206,80.3864,16.92740059,13.17625373,59737.33704,0.838,9.264535208,9.405405405,2.827563286,8.836042338,16.13,15,0.067,11,2.211,53.391,72.448,-4,0.752,18.7027027,11.65622391,22.01
KWT,Kuwait,Very High,AS,50,0.831,78.6729,15.32443332,7.328022618,52919.76137,1,1.009,0.830933447,81.4628,16.98758886,8.123162299,28085.58009,0.823823695,77.1925,13.88226562,6.93646169,68826.81822,,,,5.555344582,22.10817735,,74,0.305,12,5.638,47.428,83.804,-100,0.452,45.60770156,20.82510746,65.32
LAO,Lao,Medium,EAP,140,0.607,68.0608,10.13611031,5.374,7699.579617,3,0.949,0.590907405,70.0778,9.9354496,5.008,6756.891319,0.622723509,66.1536,10.33197975,5.764,8627.13168,0.459,24.17681998,24.38220758,20.62915993,31.31796,20.58334,120,0.478,185,73.175,74.785,78.093,-3,0.559,7.907742998,4.652122998,9.64
LBN,Lebanon,High,AS,112,0.706,75.0472,11.28587,8.718636,9525.831467,5,0.882,0.649614298,77.2512,11.11914,8.4842,3814.522565,0.736555974,72.8466,11.4526,8.9158,15585.79769,,,,5.557227612,6.177,,108,0.432,29,20.306,20.75,64.332,2,0.646,8.498583569,3.804777564,12.4
LBR,Liberia,Low,SSA,178,0.481,60.7472,10.42078972,5.082,1288.74235,5,0.871,0.446593576,62.0722,10.12086582,3.866,1061.548441,0.512798524,59.4109,10.75482082,6.308,1517.963775,0.33,30.66384255,31.39293139,30.12607765,42.11968,19.74577,164,0.648,661,123.38,69.782,79.717,3,0.474,1.455301455,0.199498545,2.71
LBY,Libya,High,AS,104,0.718,71.9112,12.85428,7.599985,15335.712,1,0.975,0.708031742,74.3956,13.06487113,8.47,9569.732068,0.726310597,69.6305,12.64368887,7.214,20960.07529,,,,7.824037075,,,61,0.259,72,6.93,34.119,60.969,-12,0.626,12.81337047,7.381523009,16.08
LCA,Saint Lucia,High,LAC,106,0.715,71.1114,12.86610985,8.545040131,12048.30381,1,1.011,0.718726697,74.7166,13.35690022,8.804559708,9990.617758,0.710892671,67.8378,12.37703991,8.290690422,14146.97469,0.559,21.32341215,21.81818182,9.268698692,27.30567775,27.39586,91,0.381,117,36.918,63.158,73.228,,,,2.395617202,
LIE,Liechtenstein,Very High,,16,0.935,83.2575,15.18157005,12.53854,146829.7006,,,,85.35,14.16571045,,,,81.101,16.17333984,,,,,,4.739531994,,,,,,3.019,,,,,,3.698331935,
LKA,Sri Lanka,High,SA,73,0.782,76.3991,14.13990486,10.82730007,12578.22055,3,0.949,0.754666487,79.5018,14.49209703,10.83043003,7004.61099,0.794880643,73.1101,13.78702118,10.82703018,18573.30255,0.676,13.18638698,13.55498721,5.198720932,11.99693,22.36351,92,0.383,36,15.65,30.897,68.495,46,0.761,2.685421995,0.985665463,4.36
LSO,Lesotho,Low,SSA,168,0.514,53.062,12.04087801,6.010184707,2700.435748,1,0.985,0.511123839,55.9266,12.43076407,6.56167247,2106.602857,0.519143817,50.3736,11.66055444,5.982824978,3310.125224,0.372,27.39429777,27.62645914,33.0491333,19.55712,29.57664,144,0.557,544,89.568,56.071,71.343,,,,1.019209252,
LTU,Lithuania,Very High,,35,0.875,73.7201,16.28506088,13.49810028,37931.30359,2,1.03,0.887521885,78.775,16.73283958,13.58351994,33891.36872,0.861661897,68.7778,15.85984993,13.39519978,42500.04326,0.8,8.316025071,8.571428571,4.317045212,3.57741,17.05362,30,0.105,8,10.377,57.338,67.865,-34,0.679,22.4,5.069079734,40.13
LUX,Luxembourg,Very High,,17,0.93,82.6287,14.39813995,13.01519217,84649.47467,1,0.993,0.924607692,84.8055,14.38416004,13.0062666,70117.37449,0.931456058,80.4463,14.41333008,13.02411775,98991.3462,0.85,8.413193197,8.602150538,3.870309591,4.71707,16.6522,9,0.044,5,4.304,58.481,65.544,-73,0.645,30.64516129,13.05892539,45.47
LVA,Latvia,Very High,,39,0.863,73.5786,16.20252991,13.25271988,32803.23423,1,1.025,0.872905527,77.8257,16.7930603,13.56832981,27882.28493,0.851825526,69.2021,15.63866997,12.89021969,38506.11171,0.792,7.961744167,8.227114716,4.207252502,2.22774,17.45024,40,0.151,19,11.216,54.542,66.827,-8,0.716,17.03360371,3.590715291,31.04
MAR,Morocco,Medium,AS,123,0.683,74.0419,14.15190983,5.916,7302.81917,5,0.861,0.621251796,76.3977,13.91057014,4.988,3193.533301,0.721809682,71.8927,14.39321041,6.866,11356.02315,0.504,25.09769131,26.2079063,10.91862392,41.87093,22.50352,104,0.425,70,25.936,22.009,65.95,22,0.652,4.538799414,1.74845085,6.95
MDA,Moldova,High,ECA,80,0.767,68.8459,14.43299961,11.82159042,14875.33189,1,1.01,0.770773099,73.5466,14.75263023,11.85783958,12086.96092,0.763199634,64.4433,14.12357998,11.78106976,17961.16854,0.711,7.297466136,7.301173403,8.885082245,2.570094084,10.43722208,51,0.205,19,27.795,33.877,43.932,44,0.748,2.477183833,1.275891722,3.41
MDG,Madagascar,Low,SSA,173,0.501,64.4853,10.13499142,5.120468534,1483.520983,2,0.956,0.489879193,66.8701,10.1833395,4.914466457,1283.799532,0.512325749,62.2341,10.08976666,5.339324566,1682.329777,0.367,26.85263932,26.74650699,23.65509796,29.34582,27.557,143,0.556,335,119.429,81.531,87.595,5,0.497,0.798403194,0.132880633,1.51
MDV,Maldives,High,SA,90,0.747,79.9182,12.63560963,7.322,15448.12788,3,0.925,0.708976174,81.0193,14.17418957,7.12,6358.736535,0.76638536,79.082,11.93892956,7.528,22119.14901,0.594,19.76629861,20.48192771,4.133515835,29.31948,25.8459,83,0.348,53,7.291,34.326,67.494,,,,3.32350373,
MEX,Mexico,High,LAC,86,0.758,70.2127,14.86443996,9.221050262,17896.29498,1,0.989,0.752508708,74.8637,15.21201038,9.096670151,12455.76625,0.761102122,66.0556,14.51403046,9.358039856,23600.05963,0.621,17.59461132,18.07387863,9.496991158,13.48795481,29.798888,75,0.309,33,54.369,43.809,75.415,21,0.704,7.124010554,2.76863785,10.85
MHL,Marshall Islands,Medium,EAP,131,0.639,65.2688,10.2393198,10.88313961,4619.535393,,,,67.1997,10.37392998,10.70687008,,,63.6922,10.1091404,11.05574989,,,,,17.46094704,4.779338113,,,,,58.035,,,,,,2.555837135,
MKD,North Macedonia,High,ECA,78,0.77,73.8415,13.62443234,10.22815037,15917.75283,3,0.945,0.746188014,76.1561,13.86275189,9.653639793,11146.83902,0.789290229,71.6616,13.39966973,10.8074398,20715.67172,0.686,10.64682541,10.90909091,4.415046215,8.36817,19.15726,37,0.134,7,16.367,42.397,63.444,15,0.707,8.181818182,3.430253041,12.29
MLI,Mali,Low,SSA,186,0.428,58.9414,7.423037617,2.31,2132.629443,5,0.887,0.399133986,60.331,6.795167146,2.384,1482.689243,0.449875276,57.6179,7.947588782,2.198,2769.847654,0.291,31.07790617,32.00934579,32.81034851,43.85965,16.56372,155,0.613,562,150.062,57.678,79.673,0,0.418,2.336448598,0.167400521,4.57
MLT,Malta,Very High,,23,0.918,83.7769,16.83856964,12.21026039,38884.45623,1,0.98,0.906805757,86.1085,17.38516045,12.00041962,30282.10148,0.925314241,81.4414,16.32799911,12.40596962,46821.01324,0.849,7.425981436,7.516339869,3.227544308,5.19238,13.85802,42,0.167,6,11.484,53.084,71.413,-22,0.72,21.56862745,3.612105729,40.67
MMR,Myanmar,Medium,EAP,149,0.585,65.6716,10.90913752,6.37680006,3850.524234,3,0.944,0.565270826,69.0009,11.11379202,6.094560146,2618.856773,0.598757287,62.5463,10.70448302,6.730899811,5092.894981,,,,21.22284508,26.85272,,125,0.498,250,33.043,40.987,69.962,11,0.577,1.367521368,0.667627891,2.06
MNE,Montenegro,Very High,ECA,49,0.832,76.3426,15.08160973,12.17648306,20838.80129,1,0.981,0.823404193,79.8119,15.60083008,11.795824,15934.76249,0.839623822,72.9973,14.60348034,12.59037047,26000.74277,0.756,9.010792996,9.134615385,2.293318987,7.81501,16.92405,32,0.119,6,10.361,47.817,62.006,,,,3.677798193,
MNG,Mongolia,High,EAP,96,0.739,70.9754,14.98034954,9.423700333,10588.22532,2,1.031,0.748987477,75.6958,15.57209015,9.949589729,8540.719845,0.726425808,66.5368,14.39468002,8.847709656,12666.36521,0.644,12.72536745,12.85520974,9.34619236,11.88363,16.94628,76,0.313,45,26.708,51.495,66.572,-35,0.557,24.62787551,26.97802818,10.62
MOZ,Mozambique,Low,SSA,185,0.446,59.3247,10.2191516,3.197641838,1198.073924,4,0.922,0.428013032,62.4325,9.787595092,2.431994619,1095.666257,0.464036211,56.2044,10.65669147,4.095451061,1304.403085,0.3,32.40842271,32.73542601,28.29929733,40.5314308,28.39454,136,0.537,289,165.778,77.657,78.931,1,0.441,1.121076233,0.210232236,2.19
MRT,Mauritania,Medium,SSA,158,0.556,64.3636,9.376159668,4.918804891,5075.305711,5,0.89,0.517783712,66.0979,9.570549965,4.634968748,2603.57743,0.581885717,62.6661,9.187669754,5.326898062,7649.589434,0.389,29.02167279,30.03597122,25.73825836,43.98689,17.33987,161,0.632,766,78.013,27.396,62.19,3,0.533,4.136690647,0.726332991,7.75
MUS,Mauritius,Very High,SSA,63,0.802,73.5552,15.17352977,10.42791048,22025.34631,2,0.973,0.789107668,76.8265,15.90719008,10.04156148,15015.82114,0.811010462,70.44,14.46316987,10.85802176,29221.04434,0.666,16.9101772,16.95760599,10.63656712,21.91298205,18.18098242,82,0.347,61,24.564,43.404,70.448,,,,3.129029823,
MWI,Malawi,Low,SSA,169,0.512,62.9044,12.67898523,4.489695385,1465.635064,2,0.968,0.502014032,66.4685,12.8264208,4.104782854,1231.629024,0.518874061,59.4935,12.5388703,4.667895015,1712.904592,0.377,26.32042065,26.3671875,19.67700195,28.00731,31.27695,142,0.554,349,117.865,71.559,79.953,3,0.508,0.78125,0.072922295,1.71
MYS,Malaysia,Very High,EAP,62,0.803,74.8839,13.34304047,10.64505959,26657.94355,1,0.982,0.794154156,77.3623,13.84428024,10.56863976,20671.56073,0.809075378,72.659,12.87180996,10.71778011,32379.57974,,,,6.002527237,12.06360206,,57,0.228,29,9.271,51.188,77.551,-10,0.681,15.19302615,8.422647483,19.59
NAM,Namibia,Medium,SSA,139,0.615,59.269,11.92720692,7.192013277,8633.504452,1,1.004,0.615799013,62.9849,11.89989359,7.454418013,7270.704656,0.613057327,55.7206,11.94272709,6.912215715,10094.30815,0.402,32.83945475,34.63414634,19.91711426,25.01567,53.58558,111,0.445,195,64.944,54.532,62.181,2,0.574,6.666666667,1.525913011,11.92
NER,Niger,Low,SSA,189,0.4,61.5763,6.957111988,2.116717299,1239.866936,5,0.835,0.364314532,62.7943,6.260139106,1.708291787,936.4848434,0.436370503,60.4065,7.638220809,2.789487771,1534.591089,0.292,26.71059986,27,28.73307037,34.96483,16.43389921,153,0.611,509,170.462,61.73,84.267,1,0.392,2,0.069832068,4.19
NGA,Nigeria,Low,SSA,163,0.535,52.676,10.12758388,7.181074153,4790.284425,5,0.863,0.495057927,53.0701,9.578901345,6.144916176,3758.755164,0.573601517,52.2846,10.79903901,8.249763834,5800.263163,0.341,36.02441703,36.26168224,39.60649109,40.41507,28.05169,168,0.68,917,101.675,47.93,59.591,3,0.524,2.056074766,0.608631271,3.6
NIC,Nicaragua,Medium,LAC,126,0.667,73.8368,12.64135783,7.144,5624.793595,2,0.956,0.647750656,76.8026,12.65479952,7.42,3646.341023,0.677703928,70.8357,12.62791614,6.84,7661.434052,0.516,22.12122876,22.63868066,9.870848656,25.79903661,30.693801,102,0.424,98,85.648,46.803,81.299,19,0.647,2.99850075,0.76589307,5.4
NLD,Netherlands,Very High,,10,0.941,81.6873,18.69316522,12.58162975,55979.411,2,0.968,0.924997733,83.3568,19.00924791,12.3527298,46301.34118,0.956065754,79.9974,18.38851776,12.81820965,65778.44697,0.878,6.697945352,6.695005313,3.334346056,4.86674,11.89275,5,0.025,5,2.804,62.444,71.315,-18,0.745,20.82890542,8.059593325,32.26
NOR,Norway,Very High,,2,0.961,83.2339,18.18519974,13.00362968,64660.10622,1,0.983,0.949899881,84.8787,18.88678932,13.13508034,54699.44556,0.966060981,81.5622,17.52532959,12.87032032,74444.99092,0.908,5.435151511,5.51508845,2.541614532,2.3324,11.43144,2,0.016,2,2.336,60.294,71.95,-34,0.734,23.62122789,7.615046075,38.82
NPL,Nepal,Medium,SA,143,0.602,68.4495,12.88694954,5.121792742,3877.315444,3,0.942,0.584364172,70.3617,12.9240799,4.160869361,3677.183143,0.620507697,66.5739,12.84980011,6.220635063,4095.455108,0.449,24.31912877,25.41528239,15.5418663,41.0992,16.31632,113,0.452,186,63.837,78.691,80.772,7,0.584,2.990033223,0.582002668,5.58
NZL,New Zealand,Very High,,13,0.937,82.4513,20.28388977,12.94468975,44057.31394,1,0.975,0.924682807,84.3213,20.80978012,12.93587971,36864.4872,0.948211623,80.5756,19.73480988,12.95394039,51377.47558,0.865,7.486808254,7.684098186,4.170894623,1.840131778,16.44939836,25,0.088,9,12.63,65.075,75.33,-6,0.756,19.31696905,6.941846236,30.7
OMN,Oman,Very High,AS,54,0.816,72.5406,14.57349014,11.65404034,27054.32505,4,0.9,0.751838584,74.7155,15.04283047,12.05675983,7169.212169,0.83546697,70.9841,14.49594021,11.44030952,39717.23072,0.708,13.04890453,13.23529412,7.109055996,11.94880067,20.08885691,72,0.3,19,9.944,28.721,85.042,1,0.71,12.99019608,12.17292984,8.91
PAK,Pakistan,Low,SA,161,0.544,66.0979,8.658349991,4.536330223,4623.70543,5,0.81,0.471396425,68.6228,8.102529526,3.896490097,1569.380313,0.581877317,63.7866,9.173430443,5.035349846,7619.734622,0.38,29.21919322,30.14705882,26.89546967,43.52795,17.23416,135,0.534,140,42.269,20.727,78.079,5,0.531,2.389705882,1.062756182,3.45
PAN,Panama,Very High,LAC,61,0.805,76.2233,13.05787868,10.54059029,26956.83707,1,1.017,0.811685938,79.594,13.64869808,10.79374981,23379.65029,0.798281932,73.0499,12.48239661,10.26064968,30531.10001,0.64,19.60325211,20.49689441,10.8678236,11.37222672,36.569706,96,0.392,52,69.912,50.39,72.572,24,0.74,8.074534161,2.498280904,13.48
PER,Peru,High,LAC,84,0.762,72.3769,15.38773354,9.885518863,12245.89366,2,0.95,0.742054002,74.7462,15.225974,9.325330482,9812.535596,0.781076189,70.1206,15.54962308,10.45869538,14726.65802,0.635,16.42213438,16.66666667,8.638419151,14.32733,26.300654,90,0.38,88,56.756,66.069,81.875,31,0.721,5.380577428,1.355886751,9.43
PHL,Philippines,Medium,EAP,116,0.699,69.2664,13.12656975,8.969099998,8920.428468,1,0.99,0.6947065,71.4822,13.48997021,9.232720375,7486.718235,0.701549702,67.1717,12.78559017,8.702549934,10310.62961,0.574,17.52378166,17.88268956,14.38008499,10.0958,28.09546,101,0.419,121,48.202,43.836,68.302,20,0.664,5.007153076,1.241254444,8.77
PLW,Palau,High,EAP,80,0.767,66.0204,15.78432,12.49143,13818.67869,,,,70.5753,15.98627,,,,62.4323,15.53672,,,,,,12.47459698,2.180765728,,,,,42.52,,,,,,12.12335581,
PNG,Papua New Guinea,Medium,EAP,156,0.558,65.3506,10.36077074,4.74,4008.623573,3,0.931,0.537933947,68.4151,9.825603009,4.08,3542.526014,0.577731745,62.9479,10.86853449,5.378,4445.1171,0.397,28.47612536,28.85304659,20.87701607,35.65204,28.89932,169,0.725,145,55.25,46.254,48.14,4,0.541,3.046594982,0.74349862,5.23
POL,Poland,Very High,,34,0.876,76.4572,16.0271492,13.1647501,33033.96081,1,1.008,0.878323947,80.3888,16.7696991,13.34002972,25260.74044,0.871513813,72.6255,15.31564045,12.96819973,41335.50045,0.816,6.831017673,6.849315068,3.926383018,4.45925,12.10742,31,0.109,2,9.653,49.2,65.489,12,0.753,14.04109589,7.9159743,17.85
PRT,Portugal,Very High,,38,0.866,81.0443,16.87122917,9.575940132,33154.53343,1,0.994,0.862546452,84.0791,16.9929409,9.607560158,28713.43697,0.867492871,77.8468,16.74909019,9.538669586,38126.79503,0.773,10.56989309,10.73903002,3.195029259,13.05276,15.46189,15,0.067,8,7.444,53.975,62.208,27,0.792,8.545034642,3.960866197,12.25
PRY,Paraguay,High,LAC,105,0.717,70.2617,12.98799113,8.861840248,12349.286,1,0.99,0.712812675,73.3847,13.63530124,8.856229782,9410.455309,0.719878431,67.4336,12.37616125,8.867710114,15264.77208,0.582,18.32046414,18.82845188,11.36716843,13.15316,30.441064,111,0.445,84,70.347,59.636,84.214,5,0.648,9.623430962,1.061291226,18.93
PSE,"Palestine, State of",High,AS,106,0.715,73.4727,13.35801029,9.938480377,6582.899416,5,0.891,0.655009064,75.9386,14.26461983,9.916460037,2250.067556,0.734872627,71.0939,12.48151016,9.960129738,10936.95694,0.584,17.62148711,18.32167832,10.249897,10.97456434,31.64,,,27,43.469,16.667,66.286,,,,0.568234611,
QAT,Qatar,Very High,AS,42,0.855,79.2716,12.63722038,9.99601145,87134.13469,1,1.019,0.865842414,80.9374,14.53326988,11.61881592,42100.84743,0.849982592,78.3139,12.09377956,9.61258181,104066.1641,,,,3.872181892,11.22725944,,54,0.22,9,7.069,57.215,95.456,-96,0.491,42.57309942,37.01945087,33.72
ROU,Romania,Very High,,53,0.821,74.1847,14.22990036,11.27511978,30027.29131,1,0.994,0.818929278,77.8898,14.7216301,10.98981953,24554.47673,0.823464389,70.6364,13.77198982,11.58393002,35874.0976,0.733,10.40918618,10.71863581,4.896038532,5.43438,20.89714,67,0.282,19,36.376,42.795,62.34,15,0.738,10.10962241,3.715362722,16.04
RUS,Russian Federation,Very High,,52,0.822,69.419,15.76636982,12.77428805,27166.30891,1,1.016,0.828474835,74.7727,15.97797966,12.75277374,21857.33246,0.81516103,64.2085,15.56381035,12.80649889,33288.05988,0.751,8.408886355,8.637469586,5.545659065,2.036,17.645,50,0.203,17,14.988,54.489,69.717,7,0.721,12.28710462,10.8071526,9.49
RWA,Rwanda,Low,SSA,165,0.534,66.0722,11.23097038,4.425292358,2209.795202,2,0.954,0.521187466,68.1639,11.22247028,4.031224613,1989.560286,0.546603488,63.798,11.24172974,4.88597295,2439.981166,0.402,24.64764153,24.71910112,19.39137459,27.35907,27.19248,93,0.388,248,32.444,82.501,82.226,8,0.529,0.936329588,0.079731518,2
SAU,Saudi Arabia,Very High,AS,35,0.875,76.936,16.13549042,11.31052971,46111.55135,4,0.917,0.825883187,78.7714,16.20259094,10.73622036,20677.9756,0.900720984,75.5902,16.10305977,11.67045021,64708.42385,,,,5.103935719,18.11940114,,59,0.247,17,11.937,30.937,80.146,-57,0.638,27.08571429,17.96720336,30.03
SDN,Sudan,Low,AS,172,0.508,65.2667,7.945187858,3.82,3575.19084,5,0.87,0.465659505,67.8786,7.74519446,3.422,1832.770327,0.535025904,62.7408,8.144053506,4.21,5319.731725,0.336,33.47931716,33.85826772,24.98774147,42.45021,33,141,0.553,295,79.908,28.653,67.819,-1,0.48,5.511811024,0.430091637,11.25
SEN,Senegal,Low,SSA,170,0.511,67.0926,8.963749886,2.937938258,3344.311825,5,0.874,0.474670177,69.2838,9.478469849,1.568656105,2258.033972,0.542992333,64.7525,8.462510109,4.459484359,4467.589513,0.354,29.54915667,30.72407045,18.12817001,47.1353,23.384,131,0.53,315,66.454,33.51,56.729,3,0.499,2.348336595,0.624178545,4.09
SGP,Singapore,Very High,EAP,12,0.939,82.7545,16.5243206,11.92488003,90918.64471,1,0.992,0.935256237,84.9268,16.71208,11.62705994,75093.99386,0.943210266,80.6357,16.39477921,12.2547102,105348.3283,0.817,12.40971664,12.99254526,2.261428118,10.00732115,24.96040064,7,0.04,8,2.623,59.406,76.828,-61,0.665,29.1799787,7.777989731,50.43
SLB,Solomon Islands,Medium,EAP,155,0.564,70.3477,10.32869027,5.711848,2481.511362,,,,71.9594,10.79809865,,2172.534897,,68.931,9.93096504,,2777.232927,,,,12.07949352,,,,,104,60.251,83.057,87.398,,,,0.434978832,
SLE,Sierra Leone,Low,SSA,181,0.477,60.0624,9.57339109,4.576081285,1621.512579,5,0.893,0.451696771,61.3543,9.555960911,3.477212173,1453.292817,0.505719508,58.7582,9.857761045,5.815924164,1789.052897,0.309,34.15862986,35.22012579,35.11730957,47.50289,19.85569,162,0.633,1120,100.905,56.086,55.925,3,0.472,1.048218029,0.109965133,2.12
SLV,El Salvador,Medium,LAC,125,0.675,70.7479,12.67134767,7.150929928,8295.665889,2,0.964,0.660206921,75.1492,12.70825432,6.769279957,5823.671402,0.684866967,66.0775,12.6377241,7.624269962,11014.9538,0.548,18.60811171,18.81481481,9.549283028,23.7938081,22.481244,88,0.376,46,55.89,43.579,72.57,24,0.652,3.407407407,0.944111387,5.87
SMR,San Marino,Very High,,44,0.853,80.8786,12.26613998,10.80146027,52653.82534,,,,83.495,11.75339031,10.89807987,,,78.3621,12.81585979,10.69499016,,,,,2.832036257,5.562256324,,,,,3.751,,,,,,,
SRB,Serbia,Very High,ECA,63,0.802,74.1923,14.40009022,11.36987019,19123.02747,1,0.982,0.794081584,77.1779,14.97856998,11.01638985,15306.10357,0.808468225,71.2212,13.85284996,11.75636005,23270.16706,0.72,9.933117503,10.2244389,4.10859251,7.19484,18.49592,36,0.131,12,14.897,46.618,62.272,11,0.715,10.8478803,4.936885477,15.65
SSD,South Sudan,Low,SSA,191,0.385,54.9752,5.54251,5.726140022,767.787,5,0.843,0.348198975,56.4723,4.45054,4.762169838,664.4237678,0.413258564,53.4286,6.61495,6.189479828,873.2309367,0.245,36.25986686,36.36363636,36.97409058,39.55255,32.25296,150,0.587,1150,99.199,70.44,73.574,1,0.376,2.337662338,0.105344736,4.78
STP,Sao Tome and Principe,Medium,SSA,138,0.618,67.5912,13.36538506,6.215599435,4021.350815,4,0.907,0.583599404,70.4194,13.46457672,5.595629228,2414.879056,0.643189149,65.1607,13.27850437,6.810886842,5634.988557,0.503,18.42481067,18.60841424,10.36841202,18.69702,26.209,124,0.494,130,79.418,37.137,69.876,,,,0.514421037,
SUR,Suriname,High,LAC,99,0.73,70.2743,13.03564357,9.77680063,12672.20033,1,1.001,0.727709999,73.5513,14.19690286,9.897562169,8865.601713,0.727228714,67.2067,11.92232229,9.625531504,16506.35247,0.532,25.34968467,27.12328767,10.98505402,18.36769,46.69631,105,0.427,120,56.137,43.449,65.065,,,,3.791474042,
SVK,Slovakia,Very High,,45,0.848,74.9101,14.51303959,12.91141987,30690.48552,1,0.999,0.846502357,78.4307,15.01887989,12.86800003,24848.66797,0.847723638,71.4948,14.03100014,12.95855999,36813.10019,0.803,5.168764951,5.306603774,4.692834854,1.74792,9.06554,45,0.18,5,26.307,54.743,66.415,8,0.738,12.97169811,5.628647446,19.14
SVN,Slovenia,Very High,,23,0.918,80.6904,17.65492058,12.80368042,39746.01987,1,0.999,0.915401467,83.8366,18.41757965,12.83347034,33037.52848,0.916243227,77.6469,16.93939018,12.77305984,46385.63912,0.878,4.371241934,4.357298475,2.748835802,2.05965,8.30524,18,0.071,7,4.478,53.763,62.188,8,0.769,16.23093682,6.042989257,25.38
SWE,Sweden,Very High,,7,0.947,82.9833,19.41852951,12.60972023,54489.37401,1,0.988,0.940969463,84.9097,20.53377914,12.76821041,49580.10983,0.952156756,81.0775,18.3472805,12.44828987,59326.07625,0.885,6.416554863,6.546990496,2.610124588,3.8679,12.77164,4,0.023,4,3.345,61.651,68.009,1,0.803,15.20591341,3.825506114,26.72
SWZ,Eswatini,Medium,SSA,144,0.597,57.0657,13.74434586,5.596,7678.591873,1,0.986,0.592739587,61.2485,13.23686462,5.662,6383.507819,0.601355621,53.366,14.24137883,5.53,8992.516919,0.424,28.60195229,28.97822446,23.79930687,24.10655,37.9,138,0.54,437,69.934,45.622,53.606,,,,0.823831803,
SYC,Seychelles,High,SSA,72,0.785,71.2945,13.94161034,10.28312,25830.61775,,,,75.6503,15.11960983,10.21333,,,67.7429,12.86174011,10.36414,,0.661,15.14949785,15.79617834,9.446657181,6.65648,29.34535638,,,53,53.444,,,,,,4.993238228,
SYR,Syrian Arab Republic,Medium,AS,150,0.577,72.0627,9.164219856,5.1,4191.933893,5,0.825,0.502700292,75.1752,9.074879646,4.6297,1285.232873,0.609549665,69.0583,9.249540329,5.6,7088.319399,,,,12.98532009,,,119,0.477,31,38.72,15.715,70.767,7,0.565,2.079722704,1.744614402,1.91
TCD,Chad,Low,SSA,190,0.394,52.5254,8.035914334,2.57377421,1364.169417,5,0.77,0.339311717,54.2828,6.611644138,1.489173708,965.1510779,0.440888916,50.8449,9.464517316,3.681625264,1760.0728,0.251,35.99797978,36.29441624,38.55884933,42.9329,26.50219,165,0.652,1140,138.306,46.914,69.927,1,0.379,3.807106599,0.055540457,8.26
TGO,Togo,Low,SSA,162,0.539,61.6194,12.95049378,5.016807367,2166.619062,5,0.849,0.497381322,62.3913,12.19214922,3.400858516,1884.54823,0.586086092,60.8495,14.30900219,6.828586144,2445.721556,0.372,30.7737213,30.98330241,27.74024391,37.72766,26.85326,149,0.58,396,77.88,55.488,59.369,4,0.528,2.040816327,0.264726786,4.14
THA,Thailand,Very High,EAP,66,0.8,78.7154,15.88221913,8.697119713,17030.15352,1,1.012,0.80539431,83.0408,16.24098024,8.56564045,15457.0841,0.795766338,74.518,15.56719155,8.838259697,18694.23633,0.686,14.16798364,14.25,6.868660927,16.84539,18.7899,79,0.333,37,32.744,58.992,75.027,24,0.735,8.125,3.692920935,11.75
TJK,Tajikistan,Medium,ECA,122,0.685,71.5942,11.65303618,11.3333938,4547.742427,4,0.909,0.647971594,73.7339,11.17689865,10.88014417,2980.088091,0.712813626,69.5682,12.10252231,11.76179455,6095.515037,0.599,12.34022282,12.55474453,16.51501846,6.03825,14.4674,68,0.285,17,45.427,30.21,50.534,24,0.662,3.357664234,0.990569475,5.75
TKM,Turkmenistan,High,ECA,91,0.745,69.2644,13.21039963,11.26139,13020.7155,2,0.956,0.725895847,72.663,12.99555016,10.92442,9227.499136,0.759567182,65.8652,13.4203701,11.62147,16884.43719,0.619,16.37204107,16.91275168,19.9665432,2.94467,26.20491,43,0.177,7,21.769,36.54,55.59,-20,0.632,15.16778523,12.49132843,13.13
TLS,Timor-Leste,Medium,EAP,140,0.607,67.7369,12.616098,5.43679,4460.869435,4,0.917,0.580299039,69.5445,12.20868199,4.74176,3641.650885,0.633048484,66.0999,13.02351401,6.161881,5248.15712,0.44,26.24257376,27.51235585,20.22848129,44.91179,13.58745,89,0.378,142,33.877,60.987,72.24,,,,0.398727289,
TON,Tonga,High,EAP,91,0.745,70.9857,16.04857063,11.392594,6822.03125,2,0.965,0.728001834,73.719,16.30469398,11.47622061,4842.026992,0.754353802,68.4164,15.65363352,11.23541736,8845.003974,0.666,10.43202966,10.60402685,8.745738983,4.30943,18.24092,160,0.631,52,18.965,37.292,55.263,,,,1.359761578,
TTO,Trinidad and Tobago,Very High,LAC,57,0.81,72.9709,14.53545292,11.61062419,23392.02084,1,0.985,0.801419799,76.4032,14.8003024,11.72598705,16793.87355,0.813863715,69.6616,14.24290289,11.49873111,30166.20298,,,,10.87518406,,,81,0.344,67,38.132,46.651,67.961,,,,25.37313646,
TUN,Tunisia,High,AS,97,0.731,73.7719,15.42538224,7.431598614,10257.54477,3,0.931,0.69683006,77.1448,16.45976207,6.855294122,4869.597753,0.748367539,70.7428,14.45251965,8.034592614,15777.90515,0.588,19.18297336,19.5622435,9.956520081,30.70285,16.88955,61,0.259,43,6.685,25.493,67.15,21,0.687,6.019151847,2.379863502,9.17
TUR,Turkey,Very High,ECA,48,0.838,76.0324,18.3382206,8.63313961,31032.80106,3,0.937,0.806205301,79.1213,17.85655022,7.87033987,19079.35047,0.860285269,73.0397,18.81937981,9.411600113,42928.78948,0.717,14.195661,14.43914081,5.864824295,13.64287582,23.07928288,65,0.272,17,16.884,31.843,69.407,14,0.741,11.575179,4.657320907,17.49
TUV,Tuvalu,Medium,EAP,130,0.641,64.5466,9.40443,10.57310772,6351.435899,,,,69.1378,9.46434,10.3877,,,60.8155,9.34623,10.7575,,0.541,15.49879814,15.60062402,14.37229443,9.17696,22.94714,,,,33.085,,,,,,0.641460312,
TZA,Tanzania,Low,SSA,160,0.549,66.2007,9.221489906,6.37289871,2664.329096,3,0.943,0.53248359,68.3107,9.296609879,5.923837807,2246.736181,0.564766693,64.1827,9.149600029,6.892428824,3091.93102,0.418,23.69202603,23.86156648,21.7159481,26.96013,22.4,146,0.56,524,123.652,79.528,87.098,8,0.544,0.910746812,0.183121172,1.58
UGA,Uganda,Low,SSA,166,0.525,62.7048,10.14986994,5.730941566,2181.43651,3,0.927,0.504881399,64.9197,10.15034489,4.896921296,1877.430317,0.544620452,60.4228,10.11118149,6.683393581,2491.502595,0.396,24.41962152,24.57142857,20.4040966,27.91438,24.94038796,131,0.53,375,107.938,64.172,71.306,5,0.52,0.952380952,0.106954357,1.92
UKR,Ukraine,High,ECA,77,0.773,71.624,14.95656854,11.13142043,13255.50977,1,1.012,0.775709542,76.7002,14.99265633,11.45783104,10369.86856,0.766191935,66.5312,14.93059899,10.72236653,16604.74201,0.726,5.967098327,6.080206986,5.777312279,3.59926,8.524722702,49,0.2,19,15.642,48.098,63.567,11,0.703,9.055627426,4.891161661,11.91
URY,Uruguay,Very High,LAC,58,0.809,75.4356,16.83259964,8.982549667,21268.88122,1,1.022,0.812179016,79.2583,17.32807722,9.251560211,17125.29225,0.79450292,71.6545,15.44421384,8.6769104,25680.32918,0.71,11.83641913,12.23733004,5.416339397,6.54951,23.543408,58,0.235,17,36.226,54.778,69.25,15,0.733,9.394313968,1.681218748,17.49
USA,United States,Very High,,21,0.921,77.1982,16.28097916,13.68342972,64765.21509,1,1.001,0.919688967,80.238,16.93508911,13.73783016,51538.95551,0.919186122,74.2999,15.64476967,13.62497997,78238.21408,0.819,10.63809158,11.07491857,5.946424961,2.745849765,23.222,44,0.179,19,15.966,55.227,66.437,-36,0.698,24.21281216,14.23786361,29.65
UZB,Uzbekistan,High,ECA,101,0.727,70.8616,12.47714043,11.89558983,7916.785725,3,0.944,0.702783954,73.3899,12.37631989,11.73186016,5427.358367,0.744266009,68.3335,12.57161999,12.06482983,10402.95193,,,,8.517651558,0.550110115,,56,0.227,29,15.859,44.898,70.916,25,0.688,5.364511692,3.369793419,6.12
VCT,Saint Vincent and the Grenadines,High,LAC,89,0.751,69.6291,14.67220567,10.83343029,11961.08792,2,0.97,0.73874214,72.3958,14.90442804,10.92370987,8720.223778,0.761469,67.354,14.45880707,10.74547958,15074.89757,,,,9.120908737,9.166052393,,94,0.39,68,47.871,52.913,74.1,,,,1.882819542,
VEN,Venezuela,Medium,LAC,120,0.691,70.5536,12.81608,11.10727736,4810.882621,1,0.983,0.679218478,75.2072,13.81196,11.36222007,2865.793869,0.690932232,66.2592,11.8202,10.84877,6795.863793,0.592,14.16183998,14.32706223,12.81492996,8.67058997,21,123,0.492,125,82.715,34.348,67.813,9,0.645,6.657018813,2.975442345,9.6
VNM,Viet Nam,High,EAP,115,0.703,73.6181,12.9519325,8.370280266,7867.371345,1,1.002,0.703772487,78.2349,13.21517011,8.034310341,6932.367547,0.70208471,69.117,12.70955587,8.727129936,8825.599737,0.602,14.32867907,14.36699858,13.1303072,15.25479,14.60094,71,0.296,43,34.6,69.637,79.437,17,0.662,5.832147937,2.612563309,8.52
VUT,Vanuatu,Medium,EAP,140,0.607,70.449,11.53531503,7.064846,3085.411633,,,,72.9446,11.37982422,,2353.697069,,68.3967,11.6999255,,3808.57617,,,,14.0302496,,19.68256999,,,72,64.063,59.721,78.006,,,,0.591056341,
WSM,Samoa,High,EAP,111,0.707,72.7675,12.41885948,11.4038,5307.953374,2,0.957,0.685493303,75.5034,12.97950554,11.7741,3222.69805,0.716499047,70.3119,11.90373993,11.02812,7312.135531,0.613,13.10658815,13.29561528,10.41972446,7.02996,21.87008,99,0.418,43,43.589,30.7,54.237,,,,1.238975072,
YEM,Yemen,Low,AS,183,0.455,63.7534,9.09871006,3.2,1314.270189,5,0.496,0.262569632,67.1339,7.651040077,2.88,176.0594482,0.529016004,60.6287,10.49584007,5.146,2428.224415,0.307,31.54348443,32.52747253,26.68957329,46.13765,21.80323,170,0.82,164,54.404,5.995,67.637,1,0.448,1.538461538,0.327509951,2.89
ZAF,South Africa,High,SSA,109,0.713,62.341,13.64371014,11.37316036,12948.37325,3,0.944,0.685864456,64.9992,13.9843998,9.657389641,9934.611438,0.726844169,59.4575,13.30751038,12.15235043,16129.33493,0.471,31.05112691,33.94109397,18.86325073,17.29413,56.996,97,0.405,119,61.206,46.212,59.883,6,0.648,9.116409537,7.620419537,7.55
ZMB,Zambia,Medium,SSA,154,0.565,61.2234,10.92876021,7.187091494,3217.767739,2,0.965,0.554427499,63.9276,10.91116947,7.179212102,2614.505084,0.574296636,58.4872,10.95687445,7.225677844,3837.046888,0.39,30.10964459,30.97345133,25.05299377,20.43572,44.84022,138,0.54,213,117.017,69.23,77.847,7,0.557,1.415929204,0.3575346,2.38
ZWE,Zimbabwe,Medium,SSA,146,0.593,59.2531,12.11096904,8.710908501,3809.887158,2,0.961,0.580303186,62.0449,11.96458018,8.296557948,3285.933585,0.604054039,56.2321,12.27069982,9.19064792,4396.77768,0.458,22.47084979,22.76559865,24.03850937,14.60503,28.76901,134,0.532,458,94.312,79.308,88.933,10,0.587,1.011804384,0.708561788,1.21
